Dr. Ravi Singh,https://www.practo.com/Lucknow/doctor/dr-ravi-singh-homeopath?specialization=homoeopath
Dr. B D Verma,https://www.practo.com/Lucknow/doctor/b-d-verma-ayurvedic-dermatologist?specialization=sexologist
Dr. Rajeev Agarwal,https://www.practo.com/lucknow/doctor/rajeev-agarwal-2-dermatologist?specialization=dermatologist
Dr. Rajneesh Srivastava,https://www.practo.com/lucknow/doctor/dr-rajneesh-srivastava-general-physician?specialization=general%20physician
Dr. Devendra Singh,https://www.practo.com/lucknow/doctor/dr-devendra-singh-homeopath-1-1?specialization=homoeopath
Dr. H. S. TOMAR,https://raj-homoepathic-clinic.business.site/
Dr. J. P. Agrawal,https://www.practo.com/lucknow/doctor/j-p-agrawal-pulmonologist?specialization=pulmonologist
Dr. Apoorva Kumar,https://www.practo.com/lucknow/doctor/apoorva-kumar-neurosurgeon?specialization=spine%20and%20pain%20specialist
Dr. Pradeep Sinha,https://www.practo.com/lucknow/doctor/dr-pradeep-sinha-general-physician?specialization=general%20physician
Dr. Sanjay Kumar Somani,https://www.practo.com/lucknow/doctor/sanjay-kumar-somani-gastroenterologist?specialization=gastroenterologist
Dr. Gaurav Jain,https://www.practo.com/lucknow/doctor/dr-gaurav-jain-1-general-physician-2?specialization=general%20physician
Dr. Rajneesh Srivastava,https://www.practo.com/lucknow/doctor/dr-rajneesh-srivastava-general-physician?specialization=general%20physician
Dr. Abhishek Arun Jaiswal,https://www.practo.com/lucknow/doctor/abhishek-arun-jaiswal-general-physician?specialization=diabetologist
Dr. Akshay Kumar,https://www.practo.com/lucknow/doctor/akshay-kumar-1-homoeopath-1?specialization=homoeopath
Dr. Abhinav Pandey,https://www.practo.com/lucknow/doctor/abhinav-pandey-1-psychiatrist?specialization=psychiatrist
Dr. Vipul Chopra,https://www.practo.com/lucknow/doctor/dr-vipul-chopra-dermatologist?specialization=dermatologist
Dr. Prof. Mam Chandra,https://www.practo.com/lucknow/doctor/dr-mam-chandra?specialization=gastroenterologist
Dr. H. S. TOMAR,https://raj-homoepathic-clinic.business.site/
Dr. Madhukar Kapoor,https://www.practo.com/lucknow/doctor/dr-madhukar-kapoor-general-physician?specialization=cardiologist
Dr. Shailendra Singh,https://www.practo.com/lucknow/doctor/drshailendra-singh-gastroenterologist-gastroenterologist?specialization=homoeopath
Dr. Ravi Singh,https://www.practo.com/lucknow/doctor/dr-ravi-singh-homeopath?specialization=homoeopath
Dr. Sanjay Kumar Somani,https://www.practo.com/lucknow/doctor/sanjay-kumar-somani-gastroenterologist?specialization=gastroenterologist
Dr. Pankaj Tiwari,https://www.practo.com/lucknow/doctor/dr-pankaj-tiwari-homoeopath?specialization=homoeopath
Dr. R. K. Porwal,https://www.practo.com/lucknow/doctor/r-k-porwal-general-physician?specialization=general%20physician
Dr. Navneet Tripathi,https://www.practo.com/Lucknow/doctor/dr-navneet-tripathi-endocrine-surgeon?specialization=endocrine%20surgeon
Dr. Vaibhav Jain,https://www.practo.com/lucknow/doctor/vaibhav-jain-pediatrician?specialization=pediatrician
Dr. Navneet Tripathi,https://www.practo.com/Lucknow/doctor/dr-navneet-tripathi-endocrine-surgeon?specialization=endocrine%20surgeon
Dr. Gitika Nanda Singh,https://www.practo.com/Lucknow/doctor/gitika-nanda-singh-general-surgeon?specialization=general%20surgeon
Dr. Devendra Singh,https://www.practo.com/lucknow/doctor/dr-devendra-singh-homeopath-1-1?specialization=homoeopath
Dr. R. K. Porwal,https://www.practo.com/lucknow/doctor/r-k-porwal-general-physician?specialization=general%20physician
Dr. Devendra Singh,https://www.practo.com/lucknow/doctor/dr-devendra-singh-homeopath-1-1?specialization=homoeopath
Dr. Vineet Agrawal,https://www.practo.com/lucknow/doctor/dr-vineet-agrawal-1-orthopedist?specialization=orthopedist
Dr. Ajit D Kulkarni,https://www.practo.com/Lucknow/doctor/ajit-d-kulkarni-general-physician?specialization=general%20physician
Dr. Pankaj Tiwari,https://www.practo.com/Lucknow/doctor/dr-pankaj-tiwari-homoeopath?specialization=homoeopath
Dr. Arun Kumar,https://www.practo.com/lucknow/doctor/arun-kumar-22-nephrologist?specialization=general%20physician
Dr. A. K. Jain,https://www.practo.com/lucknow/doctor/a-k-jain-sexologist?specialization=ayurveda
Dr. Saif Uddin Chishti,https://www.practo.com/lucknow/doctor/dr-saif-uddin-chishti-pulmonologist?specialization=pulmonologist
Dr. Pooja Dhaon,https://www.practo.com/lucknow/doctor/poojadhaon-internal-medicine?specialization=general%20physician
Dr. Aditya Kumar Sharma,https://www.practo.com/lucknow/doctor/adittya-k-sharma-urologist?specialization=urologist
Dr. Bharat Ratna Pandey,https://www.practo.com/lucknow/doctor/dr-bharath-pandey-homeopath?specialization=homoeopath
Dr. Nayeem Ahmed Sheikh,https://www.practo.com/lucknow/doctor/dr-nayeem-ahmed-sheikh?specialization=general%20physician
